q,ndci_msi54,ndci_msi64,ndci_msi74,ndci_tm43,ndci_oli54,chla_toming_msi,chla_gurlin2b_msi,chla_3bda_msi,chla_3bda_oli,chla_3bda_tm,chla_tebbs_msi,chla_tebbs_oli,chla_tebbs_tm,chla_meris2b_msi,chla_modis2b_msi,chla_modis2b_tm,ndssi_rg_msi,ndssi_rg_oli,ndssi_rg_tm,ndssi_bnir_oli,ti_yu_oli,ti_yu_tm,tsm_lym_oli,tsm_lym_msi,tsm_lym_tm,tss_grb_msi,tss_grb_oli,tss_grb_tm,tss_gr_msi,tss_gr_oli,tss_gr_tm,spm_qiu_tm,spm_qiu_msi,fai_tm,fai_oli,fai_msi,ndvi_tm,ndvi_oli,ndvi_msi,hue_tm,hue_oli,hue_msi,chla_tc2_msi
0.0,-0.9966882244754852,-0.9990431310293274,-0.9993644602917579,-0.9930933229005687,-2244.604582459333,-1267.6066240419486,6.02383407022604,-0.5146416021080693,-0.05375009418722602,-0.6084156524537196,-131.4567809744828,-694159.6554791768,-133.38227383863375,-15.15482327797521,-32.358864586206025,-31.76725499433604,-0.9989728520173587,-0.9986356846982417,-0.9084306470792468,-38.56647973857277,0.0019164309920261487,0.00021242617666894997,0.018795173056138263,0.008880333154690993,0.7138607337926155,0.0013042037602137516,0.022434381791679302,0.9379950789645983,0.0002015358031366752,0.00021390986761667474,0.788174947235401,1.1322822604636233,0.19181017225802463,1.7111811841051358e-06,4.755666298898905e-06,1.0460501405267154e-06,0.00015633769948532583,0.00022794929866186994,0.00025096161069151825,-2500.682623578399,-1340.6170402820753,-6952.509188439681
0.01,-0.5427168607923597,-0.7996036788783523,-0.8019236326878383,-0.6535872229118436,-9.75478791576042,210.8404257271696,7.599158603388258,0.010188248823251542,-0.0008158409688742177,-0.01876153022952389,-3.9127631990877347,-3569.162616787107,-35.802185754157925,-3.1392614136134105,-8.902785229560896,9.415436726282882,-0.5357894281319734,-0.7037898543396789,-0.40696262873569605,-0.9121357443149102,0.044301995793183495,0.07190086462193636,4.0805829799219815,9.560377294291591,17.158851399534534,14.11185153368121,9.967181187902353,29.898727357754492,6.870148507755982,2.3263579912957666,14.887959641850657,16.40429390668277,9.525708631734464,0.00020861505663856934,0.00028397252658611283,0.0002455878874103905,0.002101955391196108,0.0038136298545773553,0.002276392365910313,38.53098019406341,-22.089265822146967,40.2857277854667
0.02,-0.38231944428717207,-0.7131069628149408,-0.708923981718304,-0.5795541518109628,-5.174679151579244,264.66184798582697,8.240544743317763,0.014928334125891337,0.0006669855833487599,0.001260280453784489,22.844082004832323,-1818.5419745347892,-12.058720175258689,2.554689617904477,2.4982200104957473,19.43612683335091,-0.4566299864510161,-0.6170466491654377,-0.30316243790033004,-0.8410865406360202,0.06065656521012693,0.08492437468108144,5.805363111275917,14.568048127048845,23.308649004965538,24.77820987880723,16.2266812708908,43.36231843315363,12.38546978014536,3.895801605972913,21.928624205604894,23.095158171594072,12.937630214745832,0.0004203626108457144,0.0005782535568047551,0.0005095117298014093,0.003938121058969734,0.0073697178492879625,0.00436433068232589,41.25881751315259,26.290225526696027,42.273373701321425
0.03,-0.3132235781683439,-0.6553670580250203,-0.6458928592439509,-0.5279317226954002,-3.544103782338255,302.30321935643525,8.674023564943441,0.017548641480180465,0.0019568166707491295,0.009915324925962404,41.92480233302493,-1225.5050862584515,6.661612222483075,5.2009489227553685,10.439048739376679,27.336854258153945,-0.42036982009059076,-0.5614048812483206,-0.2704020696029469,-0.776445997535778,0.06989267180814691,0.09264622143805487,7.193506049462941,18.787445737126962,26.935280086526063,34.67566899421577,22.6238227513933,51.51620990215196,17.48270915253111,5.398605670668549,26.47864052659199,27.62084595942117,15.61384400843271,0.0006520715770541732,0.0008639625588900842,0.0007703216323141468,0.005665496438234305,0.010864861166992949,0.0063449994067808525,43.23660710788266,32.49067090451193,43.16885894247734
0.04,-0.2627831250596419,-0.6131101868539607,-0.598639422103899,-0.4940758611100936,-2.727725866178208,333.60551867177827,9.034716905514719,0.019225496920084146,0.0031617512588198566,0.01664525920188388,56.22708426882039,-932.7499121986993,20.71587590080376,7.010613171972112,16.48374471673595,33.26831445445452,-0.3946966528931038,-0.5400488923967046,-0.2492463771803484,-0.7178683141699559,0.07681214957857603,0.09807173310590223,8.554343515339777,22.50647526050778,29.496905357428663,43.77493517985764,29.16900670958551,57.636913358505474,22.009170619505138,7.006291398582587,29.89622939431275,30.619781997633062,17.644320450125473,0.0008575392775392194,0.0011912397246271718,0.0010419660233214195,0.00745762320277229,0.01458415208969721,0.00837421456685718,44.63146639606148,33.605675253075795,43.800901364974166
0.05,-0.2211724924155228,-0.5806116530960123,-0.5629180514796897,-0.47274293380758653,-2.2329845843219527,358.2081423245851,9.31914278609534,0.020499041153424626,0.004353000201773718,0.023277314035354657,70.44228477313887,-752.9903296512039,29.857904019646433,8.652839288406005,21.265128732355876,37.12661519090799,-0.3755965799044404,-0.5237664519943397,-0.23329983415654584,-0.6643542810837245,0.0826260414483704,0.10220343812387857,9.893563938504979,25.469119301439513,31.41978652624133,51.63564966154409,34.87075673032876,62.36266673370738,26.092170246101595,8.365529144894024,32.49996740962216,32.858212768407455,19.053305351582868,0.0010814177404895337,0.001501088940744874,0.0013160067842387182,0.00951415105621889,0.018178924170048863,0.010420227357855761,45.40839505874321,34.41930780441915,44.4549994009119
0.06,-0.18918455561654504,-0.5540519158045036,-0.5351402437987621,-0.45763271192505894,-1.9007604293275133,375.49100865615765,9.556079242348966,0.021539834668978887,0.005572424261643536,0.024605846846955215,82.56314737038937,-626.3462358155681,36.36030230947023,10.097790582525326,25.304275248530697,39.87088678843583,-0.3598871103900144,-0.5095791050994456,-0.2242144520692632,-0.6182007663383522,0.08761710552689565,0.10546226968637419,11.2099107816798,27.628239633532207,32.92707953359448,57.33434344765417,38.974017553924675,66.01206128819403,29.327870098567647,9.741424403904915,34.49021484853519,34.52319067717472,20.28417614908475,0.0013165280593125431,0.0018486013925483556,0.00159564718515127,0.011511084831994652,0.021386819065356354,0.01243292716501082,46.20367225081017,35.11007547398248,44.89411819791013
0.07,-0.1618345120881592,-0.5306525122481531,-0.512279753503053,-0.4451478907918237,-1.6611442015457336,389.80620978797555,9.773530096805349,0.022403103680782754,0.006701460902799762,0.025663826211845275,92.57372727231618,-534.2279498156325,41.874591423332404,11.505741671255766,29.018922640914013,42.19813687697802,-0.34692216368310014,-0.49670381155590104,-0.21662516466126747,-0.5781341246142041,0.0917691857444536,0.10825325518048809,12.528055126210258,29.515025547045926,34.0898394877992,62.11581746535861,42.06324639957089,69.0455951315331,31.482242711676687,11.189580424081194,36.036438864759766,36.040520178904806,21.391488192109424,0.0015508126684197294,0.002187143910913113,0.0018753573830063597,0.013493168244738094,0.024980407266872624,0.014512552673396515,47.43785126889988,35.73944817834053,45.334363407766475
0.08,-0.14079528376759146,-0.5110158225053435,-0.49322991504604613,-0.4348489187975834,-1.4900942112775633,399.99422983992883,9.981587915202734,0.02310742048191034,0.007654043542860953,0.026557407303787237,101.92843744952675,-465.9386227717636,46.54155469316176,12.69730476847518,32.29285757246544,44.167781641455456,-0.3353818873674434,-0.48492748046442136,-0.21011640924184172,-0.5431118783054036,0.0956065432066553,0.1106705100870745,13.842105227947117,30.820145721657184,35.04636942063919,65.72979642024926,44.995145674146855,71.48703238069523,33.41360927509269,12.714972217841026,37.33457361225664,37.43567146887155,22.464428058389796,0.0017876110125049681,0.002534273966702039,0.0021709893834979043,0.015518809501670335,0.02871009920630851,0.0167349036378144,48.60393726701253,36.37194285544651,45.82508720865101
0.09,-0.12425553212500345,-0.4931390438391448,-0.4772648074350127,-0.425926152147923,-1.3544841879810514,408.82521127335735,10.170653089173337,0.023728533987689773,0.008573798099309917,0.027392492680287116,109.73406338299193,-412.88463524151194,50.62679680385486,13.73728532456416,35.371761083563975,45.891916859524905,-0.32559864005611305,-0.47405836619372427,-0.2041829931650777,-0.5107316068209543,0.09934165214314379,0.11277872960896852,15.051779293054079,31.827601313183948,35.839962901395076,68.41201916134573,47.81660144784605,73.49059863056189,34.86188712580318,14.248936559130096,38.33573106794873,38.77301195099681,23.516926674984138,0.0020508571270311284,0.002890398727290777,0.0024685745040570932,0.017457289429532914,0.03247700888044628,0.018874142633123942,49.44843790777073,36.98058752153862,46.221603388486436
0.1,-0.1111703932348922,-0.478414074485913,-0.4639822431512354,-0.4171500827917125,-1.2425195563518803,416.9169820536026,10.354664848990069,0.024292444921947803,0.009374360221255864,0.028400671861442826,115.50067589849601,-370.2916764281606,54.77056582206063,14.644379868547885,37.94276965904796,47.640752768450156,-0.31709994371848105,-0.4639871370648088,-0.19871335759842837,-0.4739434433126888,0.10261902397277091,0.11471683909246586,16.267625247431194,32.69029879821934,36.49857752875195,70.52626758194211,50.63676750851897,75.13458559332733,36.049655575289705,15.827489928241576,39.21620542456036,40.09519826394618,24.513357469257944,0.0023130004350093935,0.0032174025404325146,0.002762190265001559,0.01940009895648261,0.03604369356429029,0.021120809168975626,50.130915655743046,37.5075377497516,46.62922093289702
0.11,-0.10034083873763273,-0.46558785784016293,-0.4520540793560092,-0.4097994210306345,-1.1523288720857303,424.2090032388158,10.53616917151522,0.02480499815186022,0.010167571202804314,0.02893678672322661,122.97843915806497,-334.83106655379027,58.37006305084769,15.456109074137657,40.23157258930185,49.15988425964157,-0.3093582542786493,-0.45455558780291666,-0.19354540856320868,-0.43912367998167895,0.10561160313927902,0.11640747443980698,17.444779218475226,33.450863496377146,37.08052973732245,72.33198584750065,53.481212302678344,76.55777126992419,37.00905770354733,17.37157660894131,39.96914307385596,41.37299781925123,25.466934915834585,0.002570934803602049,0.0035769058301790245,0.00309152773532636,0.021467796999785953,0.0400456140921346,0.023393538047360964,50.62286104087832,38.037926215727126,46.97751255415912
0.12,-0.09197609178919801,-0.45495183724292315,-0.441550592319057,-0.40398436344602395,-1.0763093293776882,430.7751754793523,10.708135719876573,0.02527978762160347,0.010947109534661116,0.029379563301043583,130.27155555616736,-304.33517964522144,61.15953626710642,16.128048210489865,42.16143996677096,50.33715328842803,-0.30249114317570025,-0.4457599571948198,-0.18866122687874737,-0.4070211411441158,0.10830200934249985,0.11803363643300054,18.62156486839001,34.11598044464634,37.61089569771573,73.9199043900824,56.39495396269636,77.80239873577047,37.88245511379016,18.953719570754668,40.63986872858528,42.57165043025168,26.396226546278278,0.0028252167863297016,0.003905257301225448,0.0034099036996757576,0.02371049665877517,0.043876049657450795,0.025704067435955515,51.04867294500984,38.60276261008182,47.3511707874261
0.13,-0.08448143343391827,-0.4446648653264201,-0.43217832635456793,-0.3987563904503761,-1.0086526247056622,436.9297506381543,10.875508823841258,0.025735822942294376,0.011656492163688753,0.02978046297774418,137.27328849538384,-277.92050753557174,63.67687547228714,16.75787707899555,44.04478597347847,51.39957090331515,-0.2963163002021397,-0.4375668760621805,-0.1839642222617412,-0.37726652714578995,0.11092595241739162,0.11953086509261783,19.77564876719606,34.69430100024826,38.097722915758396,75.3646565170098,59.144022262576804,78.94065186537392,38.643797435177,20.62264831948829,41.252695508441995,43.686346374483804,27.272300971344997,0.0030882969626913038,0.004291460748519156,0.0037185005624921787,0.02600807514458092,0.04778937739156931,0.02805743544734625,51.43890332896902,39.13523447597871,47.722914151571544
0.14,-0.07804605980585069,-0.43564490540101913,-0.4236593371149533,-0.39393815144815186,-0.9490135383411363,442.6551888980232,11.03461265362343,0.026175992992865146,0.012373678080243445,0.030152339275475764,144.29097476855497,-253.16934320192865,66.0175133173883,17.323779396291805,45.72392961218871,52.38741349186627,-0.29060925646716584,-0.429623730919818,-0.17944425959513666,-0.3531260212935064,0.11321251612853139,0.12093092908110342,20.912719827813387,35.22851428068773,38.55905625327317,76.69813418707136,61.58858357092377,80.02484767980052,39.33719750061439,22.332827173769008,41.84274207528735,44.79686498570955,28.08773229417817,0.0033646914204478627,0.00462427485989587,0.0040466948822829845,0.028320331495581736,0.05221413126796398,0.030430719732808132,51.81316812718607,39.53948540354791,48.09904342005005
0.15,-0.0726427027712536,-0.4272299751198907,-0.4157910369855844,-0.3894473508635986,-0.8976676285379201,447.820760187873,11.18815899839857,0.026606252014122908,0.01301979677293949,0.03050712907414236,151.25880832510137,-231.5870162557005,68.20423224804257,17.81066825272601,47.31111875325019,53.31029615541558,-0.2854223358318838,-0.42183193094613697,-0.1752156855969046,-0.3313221716380192,0.11539586550460865,0.12223718576808199,22.074500699465553,35.71543744744465,39.00368067719027,77.98324471864578,63.73581603282585,81.09494230909786,40.02983493896627,24.06256876946985,42.45405838127913,45.88095476451455,28.86665902935781,0.0036417874870683362,0.005008568815830253,0.004376552771160915,0.030798347601141515,0.05623205262423682,0.03281986185244239,52.216626413358874,39.97596983585709,48.50733496872676
0.16,-0.0676489196485838,-0.4194000343736155,-0.4085316870828142,-0.3851668765233546,-0.851446826112728,452.7379707222019,11.334568268185297,0.02702981727611822,0.013565964139125532,0.030843556898441322,158.2084544350601,-212.04998090102475,70.3025891159819,18.27745370407604,48.80887579384082,54.19588650185364,-0.28041369433234603,-0.41444532007680773,-0.17128911431816135,-0.31115834801615,0.11740584710415507,0.12346092525613989,23.34632647120903,36.17767517801052,39.42795480346666,79.17522951559312,65.51013363330605,82.20116757057023,40.673781477120784,25.694911671347963,43.09354172853519,46.94376706505011,29.641850367672298,0.003922459092085064,0.005392469890002608,0.004732287275634361,0.03310600018377445,0.06049956455516109,0.03520827377718915,52.64218027092155,40.443949746390366,48.88671059937113
0.17,-0.06322688361995647,-0.41209167227448923,-0.40153912248143614,-0.380843114355621,-0.8089431383731538,457.47368886848676,11.4731029162723,0.027430532040816975,0.014052120454250269,0.031166229777893704,165.09819235209832,-194.37547225733982,72.52218969053745,18.699893389070752,50.22090465849308,55.13264653147871,-0.27572138400372115,-0.40726984751650697,-0.16771787652883283,-0.2922629997944057,0.11951509464266065,0.12465653904374444,24.511161413680977,36.60879155645672,39.862498868182264,80.31500519514168,67.02036448115814,83.32977646894858,41.26270301395116,27.227324161826104,43.67158529096565,47.97663757078797,30.38470795245078,0.004178841023358247,0.005817328743174153,0.005081360498376823,0.035345593596054194,0.06483334989953034,0.03766073014667066,53.05653185890919,40.95452477603519,49.22891404423818
0.18,-0.059324858365295746,-0.40529312856666144,-0.3951623667280095,-0.37698116206972404,-0.7661514841781238,461.872413518114,11.611515794686802,0.027816255948202855,0.014477606731551343,0.03147828429334862,171.81675826413758,-177.3430124804773,74.43159231354491,19.080052220205825,51.55240742948356,55.93849064514443,-0.27117389894180854,-0.4002772239778018,-0.16442438876585938,-0.2744414518000031,0.12144897353876442,0.12577923449949896,25.567824564098903,37.04521689613266,40.30141086764837,81.40471360651311,68.35009320473803,84.38348251254173,41.83413741420483,28.635673907099527,44.20616191910273,48.978948533375494,31.103573825064036,0.004492027073321226,0.006217756626852562,0.005429941049674442,0.03778296573235137,0.06924272166912107,0.0401001841370994,53.46195202413051,41.45228612185829,49.547720415592885
0.19,-0.05561779007557085,-0.39868921320341816,-0.3889081637573063,-0.3733705103111356,-0.7234167931988744,466.2283577415537,11.743445861554132,0.028189092009565885,0.014899173551892497,0.03177739568480748,178.48412924944878,-161.1616763093536,76.18979730144457,19.45041500526755,52.86354149246003,56.680523322299244,-0.266825007123133,-0.39342059461262485,-0.1613905356811678,-0.2569648848796171,0.12341505390253023,0.1269860244285126,26.629682815246973,37.45827251229041,40.73655451908332,82.45198475046479,69.55361944968918,85.33591103900368,42.371011418748616,29.981705317526764,44.70908498814159,49.94539937145818,31.7859268979097,0.004787009395985429,0.0065921288693560915,0.005791028416998402,0.03992057172860408,0.07323734206056848,0.04259868018823683,53.86385842316785,41.926847150422056,49.83434794866632
0.2,-0.05228945653929309,-0.39239840918001173,-0.3830517217545312,-0.3698666324584025,-0.6842057800181267,470.34606813022395,11.872273659075388,0.02855053949881356,0.01530070836711062,0.032070661745874106,185.0924893939815,-145.6867732955572,77.89475684395187,19.787460933875575,54.120509641810344,57.40008429640311,-0.2626831348733836,-0.38680709529406065,-0.15854860140372995,-0.24039818748553962,0.1250964980923771,0.12812373035711794,27.604870711159435,37.86324096271488,41.14269168754481,83.45661989953264,70.69266230637795,86.24742930892072,42.87859090350625,31.1825165330649,45.1882900698425,50.850728507352606,32.45848587763795,0.005085844290807951,0.007015084573416697,0.006152985000738812,0.04225735073842268,0.07779295958616336,0.04507842851927554,54.2704861191833,42.35240523276497,50.19110561978715
0.21,-0.04915697417383483,-0.38632995665931213,-0.3769530242704856,-0.3664709281920752,-0.6498315240019789,474.3807438637795,11.997872450804447,0.02889726534185825,0.01568555798561908,0.032357700896507934,191.85087147787672,-130.82428663285123,79.5500383515227,20.109997328706218,55.33845616134519,58.09867915704841,-0.2586723046483294,-0.3804284992668348,-0.1558252529354988,-0.22381859692843778,0.1268180669994928,0.1292317169948552,28.526866943489708,38.265361414946085,41.52151405329684,84.39821501671703,71.76228029839119,87.12224345941858,43.36777682444617,32.384682885246555,45.65922819745262,51.74966005376587,33.112690818008375,0.005406764630260992,0.00743831356448332,0.006523793069986082,0.04433045894319326,0.08177577442228638,0.04757388947260369,54.67672530927747,42.753126608313515,50.531789259813586
0.22,-0.04617664753801841,-0.38046350794929695,-0.3724535636677,-0.3631276283061421,-0.6200817251467393,478.27922422847644,12.124254316566734,0.02922525126104188,0.016053924493826675,0.03264963307917471,198.7922717708369,-117.0894265369725,81.19333977735616,20.420220691021246,56.53010856347766,58.79221794505981,-0.25478715347774417,-0.37416093750556634,-0.1532295586142971,-0.20814275444584035,0.12848328259183978,0.13034621415286377,29.4743071322927,38.64940047469725,41.88950174124754,85.30236543012782,72.77951715224847,87.97060208431304,43.84749808464088,33.558322123003734,46.1234121919376,52.59586868647161,33.74201501205844,0.005729009283783072,0.007878284295260211,0.006899030204067894,0.0465351002962521,0.08582728256665824,0.05012094299756991,55.076015615965936,43.14809949458026,50.87601262204496
0.23,-0.04337011564335358,-0.3750324457157239,-0.3669181475675567,-0.3597412592496311,-0.5927348301133064,481.96806558522184,12.250047751625914,0.0295427426517915,0.016405138693896947,0.03293506588599935,205.84750712023677,-103.88223862055192,82.88415691518846,20.717092917225873,57.623384635367145,59.505810259948944,-0.2511252652930427,-0.36790425788538506,-0.1507019353863608,-0.19289876556351687,0.13015421970701682,0.13140995836702865,30.388497455164902,39.01308584027006,42.25366272017802,86.18091484927419,73.77929299186428,88.83116027968173,44.29738828593454,34.63616791627498,46.60043846341687,53.432142976531146,34.3758870643472,0.0060423888377143485,0.00829296759408387,0.007314854499486801,0.048860172742014506,0.09017252367697107,0.05273283999454656,55.46878953068741,43.52056234540368,51.22549691658789
0.24,-0.0405800464442738,-0.36939842934960615,-0.36181787259432585,-0.35636322354758565,-0.5684782133844288,485.51176754594803,12.37540790523839,0.029850870228672517,0.016735771372302217,0.03320522732509935,213.12598815443047,-91.36117921112182,84.57491316028818,21.014824553245376,58.78130417315989,60.21937687567462,-0.2475887683790758,-0.3614992414893898,-0.14825528536479568,-0.17795132319368479,0.13174443131071886,0.13242238585363866,31.165427019193597,39.38085579278012,42.6149742759701,87.03295858405802,74.77698002897029,89.72369150645615,44.74695253967633,35.639333352454905,47.06556129302371,54.282130810247956,35.02049190024064,0.006353047825650147,0.008723302189179933,0.007710253297644621,0.051034771447782235,0.09441033191988499,0.05534342564559168,55.86011180995747,43.89020746618037,51.57320928406517
0.25,-0.03789291100187959,-0.3646807778825115,-0.356852879096997,-0.3529918760922965,-0.5463428942718453,489.07388131624595,12.499883310868107,0.03015328117113316,0.01706432543615984,0.03346474577075587,220.57005634651952,-79.44868111560868,86.26484600051542,21.305790243180496,59.750659140422925,60.93259598168093,-0.2442116939127243,-0.3549861646395022,-0.14591278649588987,-0.16301874851053227,0.13359638969556617,0.13332665517627684,31.862033072354237,39.74369614472941,42.97552782513274,87.86305165738024,75.73115890032098,90.60884830170332,45.185769317285654,36.49795809092551,47.492518624873085,55.077309684857696,35.64125446111677,0.006668892738809013,0.009239468095363015,0.00811839759920201,0.05312933435437972,0.09836851314607346,0.05790392092209434,56.24320294057651,44.27635790352156,51.92580806239575
0.26,-0.03529646618037148,-0.3596846857468687,-0.3520548246871183,-0.34966175388552134,-0.5250937615796419,492.4455993917126,12.627313364351702,0.030449772463905518,0.017382739373093113,0.033720950872956776,228.0961470733831,-68.2587348863367,87.94499212104469,21.59014722484265,60.78600975660483,61.64168470137393,-0.24097655117890673,-0.34848254346724655,-0.14361087872156703,-0.14835943801915452,0.13579980221646237,0.13418535131566406,32.43579417340071,40.09933981435351,43.34626475391212,88.68573180761315,76.63895754348144,91.4243847693876,45.59560601618715,37.245700356651284,47.89503082012639,55.8794597121472,36.25270244032082,0.007001154227579433,0.009722403444347303,0.008530271279489724,0.05551074485446962,0.10271442804213067,0.060664674274662087,56.623373657730845,44.68831212217457,52.27942439243097
0.27,-0.03278526198493089,-0.35479011322911336,-0.3473022343988492,-0.346417801114298,-0.5042190388989759,495.8901159100987,12.751703457115728,0.03074267660527585,0.01769512669629336,0.033971317322607386,235.4898615008557,-56.65240806784807,89.58539386242313,21.8687990172332,61.80922788589711,62.33399970681512,-0.23781100530429844,-0.34186983084921024,-0.1413746216286126,-0.1343632316247298,0.13834991260030097,0.13506304646449954,32.92037374916797,40.43773646234719,43.697633381310936,89.47918515620873,77.46759444008293,92.18030262326437,46.003829083569926,37.90017043213305,48.283706543392746,56.65480425649578,36.851371172552554,0.007341691342119823,0.010182767978989461,0.008951565468959434,0.057754033767310003,0.10670289380000164,0.06335546275784548,57.00149619326523,45.0961140482148,52.62724047083233
0.28,-0.030328420167461588,-0.3500389764242457,-0.34279796871785273,-0.3433239841357128,-0.4834898773605249,499.2806972208455,12.875713485910104,0.03103569610775563,0.017997486181264157,0.03421732546378574,242.88058725629955,-44.72273347841774,91.16101039766038,22.145628893307368,62.809949962422266,62.998972769602396,-0.23464754843561464,-0.33504437916105057,-0.1391691255001449,-0.12068982190093866,0.14089545959966912,0.1359243313698351,33.36499568059739,40.77517056964126,44.03473259874001,90.23901820533013,78.26513343656913,92.92369699175332,46.3761696969554,38.50521975118312,48.65902200202876,57.420011209783894,37.46034120055465,0.007685217976414058,0.01068855927062088,0.009372688243752984,0.060290754129631245,0.11105285399114752,0.06603971196041067,57.374737322907514,45.51689001049813,52.96623353764657
0.29,-0.027980020362788904,-0.3454342919911725,-0.338409113226753,-0.34033538784521267,-0.46284513793479093,502.78951537327896,13.00000431572393,0.031324989303594945,0.01828498872534164,0.03445383456638863,250.20496032336953,-32.12892128539455,92.68745979834513,22.413093994503843,63.787625164640986,63.64319533928383,-0.23152722183845106,-0.3280732051697494,-0.13701584797960226,-0.10748501990819331,0.14343203791548684,0.13674304567984982,33.800161895103884,41.114317147962716,44.360221814752826,90.98444806377344,79.05131846268316,93.64966858043013,46.75966709954022,39.10785911323201,49.028254368416384,58.19368730741435,38.07240620596815,0.008032379944965584,0.011153205696441914,0.00982625468110747,0.06283809956160497,0.11522517398831143,0.0687685575586617,57.75439922860192,45.940258068296835,53.30817654792234
0.3,-0.025660436503598776,-0.3409914107350895,-0.33409716850967563,-0.3374472031996391,-0.4409417577402342,506.20343411201696,13.125689274683339,0.03161561779203738,0.018573275658831885,0.0346842801354699,257.6529458397536,-18.700918115045383,94.16577179551102,22.68029927142131,64.73604116866677,64.26710200345359,-0.22842474474497076,-0.32100895601267027,-0.13489796116978262,-0.09440869684023477,0.14577978324716823,0.13758462635473084,34.21330940693633,41.43095749597498,44.67797207251032,91.71255420166412,79.8322822076873,94.36087342008511,47.12168031380557,39.65814589440485,49.38478729113219,58.969266419378314,38.69314705632537,0.008376455340091689,0.01162218239083651,0.010253922099753726,0.06530697390326083,0.11928604955694065,0.07160942223559284,58.14558654915607,46.352858695227965,53.65813889742551
0.31,-0.02346898115000694,-0.3366849088797215,-0.32995609232090367,-0.3345889263424449,-0.41434669316619044,509.80675143716564,13.25083826146017,0.031902731772560707,0.018847323163773338,0.03491143427506523,265.2168378163244,-5.593444351665704,95.63962821520052,22.937372681208767,65.66176957600827,64.88912823610038,-0.2254004042475042,-0.3140497655595044,-0.13282399333643474,-0.08164571538455531,0.14797898769057863,0.13840443728371302,34.6168225031665,41.73984664632856,44.99286243420768,92.43151426848122,80.62061583166022,95.06051273414407,47.50763238422574,40.18961603784286,49.73713288527293,59.747948055326056,39.300133639714524,0.008742420744644225,0.01213409168838612,0.010705949304203845,0.06806687348161655,0.12339403246874206,0.07455018230073522,58.535577393991126,46.760206187870835,54.00536769455081
0.32,-0.021191398791025308,-0.3325290115221729,-0.3259332192229243,-0.33174554297168035,-0.38638252519295413,513.376728177643,13.379401744888506,0.0321887014832273,0.019120890355294424,0.035135409468191554,273.02265206089623,6.007532344697783,97.10891841114287,23.2060687400101,66.56087519565502,65.50922734008189,-0.22240162049103404,-0.30709958980230506,-0.1307875860758507,-0.06916098992974386,0.1502296028615718,0.13918555551770576,35.01973383913756,42.054470456248374,45.30732232123043,93.15932604487142,81.40195871108722,95.74610669282991,47.865478122947536,40.68693428669211,50.08284289828244,60.51148351497619,39.896239870084614,0.00910370245847854,0.012644033760495893,0.011156495903507176,0.07111474287052212,0.12758416327650515,0.07749601199593581,58.93329301991208,47.19387207261503,54.34757948003848
0.33,-0.019005033287138838,-0.32833347205675123,-0.3219707889849676,-0.32887112876210883,-0.3660626605416819,516.9175133146294,13.510238883444153,0.03247537550055307,0.01939068509038987,0.03536218944388096,280.84944253369525,16.3396091635907,98.59770841197593,23.46940101326606,67.47411788018199,66.13755613999002,-0.21942078256075223,-0.3001699377284832,-0.1287717062651342,-0.0567627942483864,0.15233982254935363,0.13998391075044755,35.42202450184889,42.38923241896091,45.62173397891247,93.88943690567672,82.16110446437041,96.43198088578139,48.25153685716492,41.161333446730595,50.41838305201384,61.29232622613141,40.48924105015685,0.009479287903009182,0.013126452918135446,0.01161952803198279,0.07431544971297066,0.13180504664551357,0.08058624458856115,59.33999510396297,47.64391636867979,54.68649851422019
0.34,-0.016883725117757372,-0.32433553844523727,-0.31810858240748746,-0.3263064594773895,-0.34605145886366107,520.6358198087252,13.640134054541093,0.03275768279540627,0.019655693368865274,0.03558584401632584,288.92125428956336,25.899633194129137,99.93268823077759,23.72827129082478,68.34745420261788,66.70097090431534,-0.2164618751602087,-0.2934383598283693,-0.12674667807800336,-0.044141818848333986,0.15427453711043154,0.14074456407351976,35.803883585711304,42.717763453314845,45.92870588860154,94.6292336045866,82.87294816051585,97.10819500565238,48.60995579100414,41.616229311225865,50.76421634745887,62.07362825545727,41.08059807904872,0.009879908158078793,0.013618031752759635,0.012106975866169196,0.07809318741194266,0.13602181553606704,0.08378156683685907,59.70364289910657,48.12042431341748,55.029101075932566
0.35000000000000003,-0.014759992580393694,-0.32029966440137436,-0.31430479241837517,-0.32376779814264733,-0.3282983051846713,524.464135680197,13.772955108429358,0.03304185318046921,0.019918288402452626,0.035810346205182246,297.25721364427176,34.22189984974473,101.25858018578043,23.990961652684483,69.2374977239844,67.26055022740898,-0.213461311195429,-0.2869191900753868,-0.12477642269770013,-0.030897530021163067,0.15615494922538217,0.14150357050182827,36.16304959850713,43.04190239678008,46.23248014441464,95.37888336378873,83.58623610934237,97.78231861497113,49.02360412223484,42.06674178537678,51.10411313777267,62.85895928406742,41.67418026590304,0.010256517785227683,0.014135307881984856,0.01258168619441891,0.08138941748060413,0.1404597689240059,0.08678195506693286,60.012035637152735,48.57922258148883,55.3791683239694
0.36,-0.012692809200683419,-0.3163203302890303,-0.3105365010588979,-0.3212572605415788,-0.3143796123399234,528.1149933373914,13.907156221861607,0.0333275514256772,0.020169978132087703,0.0360364602626536,305.95316674056073,41.9830179434589,102.57574436203308,24.250428327999913,70.11855833091477,67.816446079533,-0.21044679353105977,-0.28059639792116087,-0.12283643021117087,-0.017180129803298243,0.15813407926193082,0.14228404641684073,36.516714332339966,43.365574010751544,46.5384524366139,96.13953266039317,84.29966613283318,98.45702042602734,49.384776371213235,42.52560176726992,51.445200155619396,63.6489137767725,42.26969804685474,0.010620113605654355,0.014707773424549339,0.013073114210516662,0.08464650180044005,0.14468246737001608,0.08994092901241531,60.37944104054938,49.04524180348595,55.741817253797315
0.37,-0.010626199451295762,-0.3123675039314376,-0.3068093050421203,-0.31875844644064094,-0.30108806698729573,531.7508983368898,14.04364257187004,0.03361296180444656,0.020416385020758085,0.03626560573380214,314.9467948509581,50.214567470433686,103.88973091977896,24.512702177224217,71.00492660686662,68.37100084982424,-0.20748470997891505,-0.2744540678948336,-0.12090983287023192,-0.003209076862603807,0.15981480962806482,0.1430596260217018,36.85121977613718,43.70186655884397,46.84235446328785,96.91581419393212,85.00563597749024,99.13251882078298,49.78826817259213,42.96815701121263,51.78859032608695,64.43751352172818,42.87042486787462,0.011023926064692754,0.015269521763851825,0.013594873669753831,0.08783525131244672,0.14922041652856757,0.09317609879143414,60.807504794156,49.51548897488539,56.117973367210794
0.38,-0.00862847280610831,-0.3085361933789592,-0.30318005130494263,-0.31625893449844944,-0.2905656568711209,535.4536894404589,14.178828581651858,0.03389520618235178,0.02065566626219013,0.03649983953673739,323.91220902184364,58.021579453482204,105.20699918803152,24.76997511917938,71.86448729801093,68.92694063292664,-0.20453322586624276,-0.2685289175197932,-0.11903141400130009,0.010577280725499544,0.16165567473410059,0.14380877650225987,37.17865963772661,44.049326779262145,47.15223102869756,97.71328285433208,85.71053874495766,99.8083835410192,50.19230778892873,43.409903321588544,52.13021401882287,65.22532106868184,43.47918657643782,0.01143690604276489,0.015827067934648876,0.014102127434914022,0.09083488056681298,0.15361485108173206,0.09646677612286797,61.26966187718035,49.98040000857866,56.50329772909917
0.39,-0.006665036854107975,-0.3047654270754078,-0.2995586790767856,-0.3138336036380691,-0.2800204632446767,539.1514726645602,14.315619870140681,0.034176214566972264,0.02089048891368187,0.03673727206842569,333.10256161731775,66.08221124653048,106.493851364146,25.024403922317358,72.71311297783087,69.47004361120078,-0.20162404879847576,-0.2628618327202523,-0.11715754108917938,0.024163543780865458,0.16353454633112155,0.14456274508714767,37.507562699735715,44.39166384137525,47.46791841781557,98.5173271746338,86.41001266096633,100.48405479920646,50.5921570205968,43.855819027229636,52.47832391133066,66.01782196909123,44.10159879668048,0.011853264126744794,0.016387132458871953,0.014640625646689873,0.09370627591494665,0.15829941693349994,0.0998554450140178,61.778708898839604,50.47096824414703,56.893862588598424
0.4,-0.0047163262242842,-0.30112575685616,-0.2960521366304258,-0.3114096812286751,-0.26657929385620815,542.8279978888318,14.456054699173622,0.034452213099610586,0.021120484752053078,0.036978575528907286,342.2057615619323,75.22187591507696,107.7870002873545,25.279966531530917,73.53172289890077,70.01580406805999,-0.19869230011691133,-0.25737917961944307,-0.11532022004010599,0.03744958467657298,0.16519583242794245,0.14533032335244833,37.83278385077756,44.730781662477895,47.78165770011139,99.34106920286459,87.08753863535493,101.17318954541292,51.02026247655374,44.29842303984527,52.827711855820525,66.78899319787332,44.73123555300274,0.012248008602656176,0.01698521976046186,0.015196418960546857,0.09634982639030049,0.1627128361336359,0.1033759417217544,62.3258875876396,50.96916878121024,57.291220377885665
0.41000000000000003,-0.002765597475275686,-0.2974651550881285,-0.2925047158047008,-0.30897583391610306,-0.2539318434674526,546.4559151648226,14.596813252386905,0.034727745054835404,0.021346173124787746,0.037221973388873356,351.24675961153883,84.26346779737334,109.09255207597626,25.53858031498343,74.36180168115192,70.56679902913815,-0.1958309418593548,-0.2517671266228346,-0.11350381095559818,0.0501863304536742,0.16699036045707155,0.14611990961794583,38.14691013881583,45.0828718913927,48.10522347509234,100.18390322981556,87.7618408857925,101.875693412872,51.460935389333684,44.72930002009227,53.19417403988008,67.58244213507042,45.36328973565464,0.012647074157346186,0.017536594139831194,0.015759152259172005,0.09913775761212662,0.1673166289914598,0.10678819295134558,62.8701389322457,51.44754321612814,57.691008830243
0.42,-0.0008213393397994996,-0.29391712726992886,-0.2890063219214129,-0.30664855865801827,-0.24416246064729974,550.1752165070428,14.735839695340914,0.03500014547890738,0.021562859835046067,0.037467285264204446,360.2157465368905,91.95720210509181,110.34550797455091,25.79874909883372,75.16810649549527,71.09559642544572,-0.19299908689503562,-0.2460637765787884,-0.11171267236700758,0.0626257157764596,0.1687257541724052,0.1468727374057763,38.44875298934135,45.441957543416194,48.43541880260602,101.03262073400528,88.420598027776,102.59357291118272,51.88581520438365,45.147888074231794,53.567874786350714,68.40029548199828,45.996753464247824,0.01306421276688263,0.018119942925839,0.016334687628079367,0.101908352296921,0.17173108703703086,0.11035619006303135,63.39461907657913,51.90767570454469,58.108519112367624
0.43,0.001127993814527529,-0.29045059350904245,-0.2855363723778784,-0.30439243387621684,-0.2348159999464067,553.849064180807,14.884161222009093,0.03527111765383593,0.02177970976836282,0.037717251882705895,369.09887465424174,99.50523867692085,111.56335584237,26.062486460832208,75.956328027382,71.60957683156697,-0.19016279087895344,-0.24032154270292644,-0.10990954375762929,0.07545953931736248,0.17043533102228903,0.1476843891158679,38.75972010886252,45.814077960436975,48.77383971285658,101.9081904977643,89.05529620928372,103.32923994763644,52.343131946648334,45.568009650838476,53.955503239913725,69.20345023965392,46.645211162829156,0.013520193601827143,0.018710303888839423,0.01694436184693022,0.10469097769260738,0.17682832139426263,0.11375613735329959,63.88633980718115,52.365791790032844,58.54836815627872
0.44,0.00295601440128047,-0.28706070373836634,-0.28209976690962385,-0.30216137427102635,-0.2258888053865649,557.5768224115488,15.026636497017467,0.03554570957531005,0.021998385750304366,0.037973042220204076,378.05994422745096,106.88176102592647,112.76952418169576,26.311873331573402,76.73245283410093,72.11862801051876,-0.18739164265212122,-0.23440974389686556,-0.10810960111919983,0.08896848194448378,0.1723235614681065,0.14844653095534013,39.06937466278582,46.189270049142735,49.11865533600772,102.81693755660781,89.68948512540126,104.08788723567824,52.82095474508259,45.94856892919689,54.35740079066375,70.0110656044581,47.29526569523302,0.013923438022836881,0.019291824886792586,0.01754959896379913,0.10770384735678186,0.18204431680881503,0.1172695702417592,64.36194942051442,52.833278211028386,58.99616442602972
0.45,0.004872468922332144,-0.28363105339541955,-0.27870968162638643,-0.29993995139832774,-0.21595767826831389,561.5057556756013,15.174024139281393,0.03582348604068945,0.022213897495693757,0.038238585717957914,387.315987632856,114.6856482026217,113.97612683412204,26.575418746062905,77.52156562778192,72.62786248693303,-0.1847159160636622,-0.22850311716464042,-0.10631394444886741,0.1024367163370926,0.17394634406498757,0.149252109412818,39.376139299156144,46.57237554687044,49.473615840683586,103.74906394596643,90.30239127506331,104.85795551738241,53.27472632751365,46.3043903944524,54.77401109782267,70.8262750978108,47.954244649742314,0.014395923993691993,0.0199023581425385,0.01817913641712263,0.11075429612588064,0.18779354224445102,0.12080605242381015,64.8196501527866,53.308824518741254,59.45516164781847
0.46,0.006738615813456116,-0.28031211891982755,-0.2753137869733984,-0.2977353963831512,-0.20576018950215183,565.5376524623654,15.321512488685153,0.03610423369708643,0.022433067455131912,0.03852255766441632,396.94654609476305,122.12964320111766,115.18062635333393,26.8344045937833,78.28444051858794,73.13620935719196,-0.18209240612803843,-0.22258834019176926,-0.10448841919306322,0.11533564561878058,0.1756011315744927,0.15002817855784287,39.68214834442622,46.965607583346454,49.82959365211825,104.71030483643864,90.91603674331496,105.64210013554951,53.7724193823022,46.64980388678212,55.203044949182676,71.65297506385599,48.612989518197956,0.014862674300126838,0.02052608185153202,0.01884952500565376,0.11373748363855855,0.19239998485739193,0.12425048011774484,65.26573622709385,53.813388748320996,59.92962151902977
0.47000000000000003,0.008614099745346606,-0.27692835614733236,-0.27198652180749405,-0.29554543445735026,-0.19524786121021298,569.7501383046505,15.471766172727413,0.036387406473749606,0.02265537034569828,0.03881363706495309,406.8915441700869,129.5995418470131,116.38093240662323,27.09733471649118,79.06944147149747,73.6427864174649,-0.17948959592016758,-0.2167636658683745,-0.10268527511019297,0.12780622603432445,0.177369535638731,0.15083503143885954,39.98342460936265,47.35532458026058,50.195830808251245,105.69424481497853,91.54385306537097,106.45866097540532,54.25522035629814,46.992345947131085,55.66043392889024,72.48904658886188,49.27985373695403,0.01532147961858586,0.021186531767233716,0.01951355176864395,0.11707228855076608,0.1980218213053392,0.1278036380059708,65.6921045208028,54.3089166533355,60.40886620582237
0.48,0.010474889882252916,-0.2735583940545328,-0.26863837806566254,-0.29333825257168644,-0.1842206299860824,574.1658551077721,15.626239635828018,0.03667722220009554,0.022880621168023686,0.03909615334051935,416.9128159697097,136.5962646504915,117.59905022822088,27.36104755243725,79.85361895312423,74.15688075485491,-0.17690680822511579,-0.21102637544877037,-0.10088811502795796,0.1394928128703737,0.1791679227472448,0.15168679328158424,40.277000295083646,47.75344057166747,50.570307866369454,106.6944120761228,92.17004643663388,107.3141838658274,54.74384093340781,47.34217227401384,56.13347024459639,73.32144605711113,49.95330642893324,0.015789467586215113,0.021798472792184925,0.02018727969396384,0.12009023929773938,0.20401530378461458,0.13134060683227589,66.12083253564164,54.793694306728796,60.90006367132685
0.49,0.012348110592270773,-0.2702872752361537,-0.26526392258082265,-0.2911164952986385,-0.1729891337830857,578.574997236252,15.782110000775038,0.0369725922584015,0.023107031567168885,0.03936802154951477,427.09575026033224,143.33473568335216,118.8291362186687,27.629609480515754,80.61416738161653,74.67602613716497,-0.17438506176631108,-0.20538007656020868,-0.09910325475825787,0.15082784690743897,0.1809998283680618,0.15276191161514485,40.56141173165009,48.16627148542093,50.953999985344915,107.68108091336616,92.81026589451464,108.22075922515,55.27049868459934,47.701025058125126,56.6303603056056,74.17961185826118,50.633995381285075,0.01629577001985988,0.022427953021726062,0.02092149416210366,0.12323884716276966,0.21030010452511425,0.13496155984187735,66.5413468427773,55.31397288317647,61.399206687614786
0.5,0.014227281359953556,-0.2670196104410614,-0.2619238085503923,-0.2888448492407169,-0.1620665433252767,582.9908810955513,15.941458712877326,0.0372753166008706,0.023338573248416827,0.039635445677161825,437.35077864201253,149.91223291743185,120.11051228900023,27.90116683469196,81.3792121756734,75.21681798024015,-0.17171305267573972,-0.19977345563627477,-0.09731349272130817,0.16214413690112547,0.18278148386774729,0.15383794912245166,40.82330122297316,48.598248771586356,51.36107910735925,108.7361897468025,93.47515887328647,109.19626332331352,55.78838725883467,48.06741000882627,57.145331016146564,75.03046341982709,51.33433615631851,0.016803090623892517,0.02309943710563732,0.02168077512600623,0.12625054540997735,0.21575915103176396,0.13858699876943087,66.96083486704654,55.8630800332623,61.87705152477946
0.51,0.01611474277507333,-0.26370011819575745,-0.2585673567168864,-0.28650594436133076,-0.15075978763002623,587.3398360468278,16.105880410255764,0.037587714154787975,0.023572179608989868,0.039903557604414136,447.7434714344695,156.63374165744878,121.44170505464335,28.176707622377794,82.15781023624177,75.77863445698628,-0.16905433311293847,-0.19420638109045982,-0.09550807657954871,0.17363002297210464,0.1845492309056902,0.15472708774138183,41.099301662765214,49.045839118753356,51.782190777604164,109.8444360227248,94.13376369140624,110.20665076753038,56.34959086611763,48.42876386818353,57.68095255735746,75.90864158086013,52.06440850884829,0.017319378707232234,0.02378222786595135,0.022461743310299737,0.12940114584020823,0.22179080517242306,0.14235498768200627,67.386588817487,56.4144658971814,62.3406501558025
0.52,0.018022849638868403,-0.26032921861615355,-0.2552338212880124,-0.28412441213632056,-0.13842677929715536,591.7426829934132,16.274343098640188,0.03790648174102444,0.023812161626286885,0.04017023146334185,458.36030822684285,163.51130810371745,122.8141406325599,28.45779117653329,82.95079327240921,76.3578570465664,-0.16639853058895013,-0.18889777624639031,-0.09376116368929173,0.185256081406426,0.18642247853205968,0.15557969683440884,41.3868356775136,49.48795220182886,52.2008423837642,110.99056930209711,94.77992293088987,111.23238997027333,56.95623428098075,48.770757920605725,58.245954553386525,76.77084014248962,52.807556083999586,0.0179011440993763,0.024454863970704357,0.023263992357541893,0.13263955570501304,0.22662298215817225,0.14609359839557903,67.80956265313462,57.00281573591318,62.795301907182164
0.53,0.019947028665088528,-0.25691769132187403,-0.2518818360102867,-0.2817780252107221,-0.12441251704746462,596.1197871392015,16.446051487599576,0.03822749707608005,0.024063391680256348,0.04043809010962231,469.19063701237417,170.57469377582635,124.16916439401328,28.743496750260583,83.7599009300694,76.9297311546707,-0.16372825104065786,-0.18417291635392308,-0.09196864771949595,0.19735626641790224,0.18819523198772833,0.15646464291998136,41.6782480063334,49.93767254629238,52.62414038360531,112.1362622435507,95.44015079687279,112.30577350890438,57.570828059588784,49.10356658581465,58.81891098777453,77.65871707543829,53.58894596375623,0.01857095703184593,0.025208969680598846,0.024119903091555962,0.1359398737461403,0.23213630294303775,0.14994391539115612,68.23391518382589,57.61699548809267,63.25369529707229
0.54,0.021903825774602072,-0.25350943940775444,-0.2485768273035259,-0.27942750001910804,-0.10828448171089895,600.7971399750325,16.621949165165493,0.038554312345875724,0.024321592764884055,0.04070040107131601,480.26959574135293,177.96064636419268,125.53365737042455,29.035071849173338,84.57416366718012,77.50560164941601,-0.1610120401980368,-0.17978659199930902,-0.09014667442943172,0.21056592600256696,0.19002458344502487,0.15736192500287144,41.97960966056748,50.387228519260134,53.04232782694933,113.28299735170097,96.10497690663021,113.38982329528949,58.20584444001738,49.44238682269239,59.43552670840782,78.55165437818958,54.39771491063814,0.019490844802121415,0.025974977474366275,0.024979358665725128,0.13946630861316575,0.23806271850049876,0.15382405624765205,68.66246079996749,58.25872688261902,63.706401822284015
0.55,0.023872878514523885,-0.2500893318981595,-0.2452199078006693,-0.2770533108187834,-0.08891018257085044,605.3234784820909,16.808179599128405,0.038889696207941235,0.024586260609350524,0.0409582806663146,491.90171626112647,185.5832633055699,126.91832856848865,29.331736192117123,85.39550770659947,78.089988159038,-0.15824316179752584,-0.17545885592858323,-0.08831712719584521,0.2227670475843808,0.19194957368744534,0.15822052572877918,42.29341973168389,50.8111956498173,53.4683424054105,114.40473406432112,96.78206245689438,114.4985259039164,58.826129145059575,49.80123491566362,60.057645088524914,79.47375156694049,55.24088162317965,0.020286209176148616,0.026720499800090388,0.025859956887688287,0.1429005678727952,0.24402437526544368,0.15772958262021708,69.1045166706641,58.96167659180584,64.15790110724816
0.56,0.025888089411320196,-0.2466805616816164,-0.24186751005678453,-0.2746764724048724,-0.07678944785608442,609.9781395921884,16.98614225659116,0.03923472746324365,0.024858806481256022,0.04121659785424007,504.09969270049805,193.4544022384592,128.31226335709098,29.63835390009549,86.22346036163144,78.67828427358913,-0.15540081055576258,-0.1711742385003571,-0.08648730674974929,0.23497941445763162,0.19411465963860747,0.15911584321012132,42.63418560597897,51.27447424574741,53.89817241019256,115.4997754591256,97.47577959067465,115.62621926335672,59.44796751668006,50.20518263258426,60.670423914910835,80.38753686661859,56.09677936425702,0.021021429306483666,0.027537101787123493,0.02677269565162164,0.146073992850002,0.249660657654264,0.16172795720263575,69.5558591530338,59.68852477614142,64.60508124575912
0.5700000000000001,0.027895480574679936,-0.2431804976535915,-0.23844519830117017,-0.27226541911118035,-0.06505101759746415,614.6483091201083,17.17549225808061,0.03959267715029004,0.025142180322589955,0.041481742564696916,516.633108205727,201.12358052722035,129.7337896514191,29.948129038491828,87.08290302716024,79.27822510476966,-0.1525387594910125,-0.1669310482290058,-0.0846532912459864,0.24720143661963725,0.19602098668670287,0.16004728106267607,42.97838635854719,51.78485510474232,54.3364202012058,116.63779253025064,98.19344771216618,116.72692718740846,60.050349459995466,50.656634928532974,61.29123448976704,81.31942302822465,56.96112469942125,0.021710917880250938,0.02829546542383725,0.027733855602792196,0.14982090916038066,0.255716878213821,0.16585888727338388,70.01367052675563,60.47449236548728,65.05212054702368
0.58,0.029970413682183745,-0.23973143722928436,-0.2350138277128093,-0.2698343397909518,-0.05296913710824197,619.609208558875,17.3795334406021,0.03996636728473466,0.02543303627265835,0.04175339860464294,529.9286091503992,208.9959419828777,131.1781779916742,30.27136175086895,87.93766182438131,79.88781463178552,-0.14966288158192062,-0.1628392395480492,-0.08278531616664242,0.2592372035079154,0.19805690790430291,0.16098434445308243,43.302562789247155,52.31161679620609,54.789978920663565,117.94918708614502,98.99361960442354,117.82945047151247,60.71657721014735,51.106824462182296,61.91631043598973,82.27216923536675,57.83719268119212,0.022392615312955843,0.029097013386168137,0.02869240469581579,0.15388555721305636,0.2607956714449633,0.17006724605906198,70.47902224017096,61.240868164548786,65.51030844251312
0.59,0.031917254060170284,-0.2362577616483935,-0.2315621043600985,-0.26733520630003604,-0.03955975145110871,624.6040623383348,17.590237725033724,0.04035803801459217,0.025726796026248125,0.042036151180077475,543.7503605554699,218.49614507604,132.67968108206736,30.58229275945649,88.80495178810317,80.52150886288405,-0.14678310129829325,-0.15881765867512881,-0.08089202301539399,0.2711690976677014,0.2002738411440039,0.16196485154407092,43.640928154924225,52.84632634268536,55.27432916734885,119.32221481556914,99.93986548822475,119.00978935358027,61.472633992648404,51.55489695031662,62.54274198611502,83.23254488326752,58.70873369403743,0.023116554641804368,0.029951086911982738,0.029682822502100227,0.15772648805133477,0.2670436926932574,0.17438818548222818,70.95579175324984,61.902229270014224,65.96832214920352
0.6,0.03411488852899258,-0.2327965227761863,-0.2280741100163874,-0.2647419703410966,-0.025039247129620544,629.810805780472,17.80572933636542,0.04075713376247553,0.02602315118446135,0.04234059280169132,558.0032415306428,228.41550673931798,134.2568058178185,30.92937934387066,89.67606260162833,81.18711844648243,-0.14386312184196862,-0.15487384008907598,-0.07895764230642016,0.28290419390355037,0.20228053026688095,0.1629606225457539,44.03893628459611,53.42453878622218,55.85536817320898,120.76406586668986,101.05580551050002,120.33042495582814,62.192407667189144,52.071878730573886,63.20351990363243,84.23724737333423,59.600089623736906,0.02386798094115754,0.03082721352608578,0.03067534890491867,0.16148845815103846,0.27305285792660816,0.17890574030635245,71.43347234409588,62.54134238576661,66.42218717525067
0.61,0.0362463353721296,-0.2291863613497761,-0.22454032954058104,-0.26214295794891873,-0.0106537098124133,635.0707290234241,18.011051531556358,0.04115669020043789,0.026324023175922397,0.04264818121537248,572.6586512094495,237.86388197996905,135.84338053017873,31.2724766850828,90.59099443800358,81.85671629737081,-0.14090630126947384,-0.15095442666348557,-0.07697920558243693,0.29442820563917355,0.2043808816476071,0.16410220815472595,44.56203344031368,54.0583214923366,56.44267261630701,122.24132462203771,102.26291459500953,121.72440878109033,62.961715994327065,52.723258868454906,63.91583336807975,85.29531778645354,60.50891324562442,0.02459003586368403,0.031700440916451585,0.03169380965764197,0.16562179459081638,0.2792184618338262,0.18354706978353869,71.87195545939609,63.20121329221665,66.87193480498759
0.62,0.03820963681395032,-0.22561460641600342,-0.2209827460515719,-0.2594934258238544,0.004985812862494203,640.2805703386634,18.22397198270495,0.04156437991345842,0.026620095137992964,0.04296608737661011,587.9161274913173,247.93170446047756,137.47321348259723,31.597379256580805,91.50013991716801,82.54457085205665,-0.13792205232460145,-0.14706560523078815,-0.0749637550484334,0.3066497491908894,0.20638032906639114,0.165272850838023,45.10287457656362,54.71509930813113,57.048793653402434,123.74054836726854,103.62397438985901,123.12105746401764,63.69917663297608,53.35261252272802,64.67754446858963,86.36663731732219,61.43614412100634,0.025382053657232253,0.03266789258783003,0.03273380672839979,0.16950420823371962,0.28677118676259905,0.188300737317526,72.32166621496266,63.86576886565425,67.3274035051987
0.63,0.040217049926440776,-0.22203571245661194,-0.21738367205521994,-0.25680398988785835,0.020928613720093324,645.4750344288997,18.461324608858522,0.041996814831655245,0.026914960364282044,0.043294421802086244,603.6124959091859,259.5312012112918,139.1300673254769,31.934903108605383,92.41567698345158,83.24382930095626,-0.1349441288512618,-0.1430994380542239,-0.07289556680875736,0.3199069023885703,0.20826545549402659,0.1664503893573497,45.61973033420859,55.35709886032539,57.69164108792615,125.30052824215359,105.0095025438845,124.57677033763488,64.4768452725746,53.98565922284403,65.46882335307777,87.47029955143029,62.344986573897835,0.026190912383502435,0.03360742680601995,0.03382103631482599,0.17336379399231167,0.29409350076260315,0.19312570708451593,72.77785214433892,64.53189171129388,67.79167422756217
0.64,0.04260071388828226,-0.21837391731746736,-0.21377673477745823,-0.2540674447090958,0.037582717089666484,650.5821846926551,18.71767248328838,0.04245733519289008,0.027214806617758932,0.04364340326179216,619.8065617610239,273.19060714677164,140.8279789700631,32.32704762882743,93.3581467111358,83.96041578084659,-0.13193579621678606,-0.13890755443947395,-0.0707709400820006,0.33356308110240024,0.2101887585881475,0.16767492739831344,46.14175540859763,56.01108875147555,58.37054685568905,126.95317133046026,106.27843682774649,126.12177337260684,65.32961707610403,54.65866096471989,66.28472441972976,88.62832620007258,63.282983280079215,0.027041479684789295,0.03461664398793323,0.034917360325960406,0.17754484127206263,0.30061511610906005,0.19821497220403916,73.23682408761096,65.2249302725255,68.26530365558094
0.65,0.044914778672073816,-0.2147182477026099,-0.21013222307606655,-0.2512577184095852,0.052842791887949714,655.8976342593621,18.983580360100046,0.04294131047793985,0.027515154500817488,0.04401077306870569,636.4109745817157,287.17761691465125,142.59615447308158,32.71763619026384,94.3045314360519,84.70665641331787,-0.12893973320599597,-0.13459746931512734,-0.06860558907360051,0.3477019082971801,0.21206371798066578,0.1690165114589476,46.673577332908856,56.72412140162147,59.09376378874213,128.70527757872983,107.68255160181938,127.78309161357285,66.23251708518606,55.42932220779264,67.12764797447896,89.83688626029713,64.24048872882021,0.0279453805391486,0.035717653488480425,0.03601953576137703,0.18213379799416268,0.30686024785268695,0.20337509499014877,73.70018453843373,65.98548699707182,68.74847412148296
0.66,0.04744551407375089,-0.2109939692345056,-0.20647661053359762,-0.2483402916504366,0.06713769880395483,661.4214973588714,19.250278154696687,0.04344352639305942,0.027826751215292652,0.04437813327360445,653.6606785348894,299.8881268025325,144.45331428461205,33.1416901033137,95.27831057014669,85.49045197546133,-0.1258993537446768,-0.13009445261123687,-0.06639143099620988,0.3609827141845299,0.21406560248446532,0.17042813697318687,47.25203553257825,57.495001600603224,59.87681502989922,130.58060499306066,109.35870801571963,129.56621588055506,67.16335800306523,56.29592875458864,68.02958978604167,91.10121193681472,65.23069276325997,0.028851789778385123,0.03683426368653441,0.03717272221202394,0.18701955543084856,0.31341544494540946,0.20888900188082213,74.13701302649322,66.83594708313262,69.23912997530576
0.67,0.049841005429540806,-0.2072011677029597,-0.20272101993437042,-0.24530014722197996,0.08157545509207074,667.2117226426591,19.52493742194146,0.043956392093619255,0.028148600835122942,0.044739486381063405,671.2589369642869,311.94356311414845,146.41279645685074,33.55662712927198,96.27744303864694,86.31743165764296,-0.12288412869300602,-0.12520668529780052,-0.06410261166040952,0.37366213825173017,0.21607145706980038,0.17192677068557222,47.99362073269462,58.305852515725974,60.70670183634189,132.55594169731037,111.43752331506644,131.43102285156874,68.1485321628951,57.40347014055537,68.94472811670389,92.45528090877049,66.23672825255578,0.029753570958188695,0.03796600569086253,0.03836709790799418,0.19182261137839748,0.31976138318271485,0.214313042337811,74.58170283938117,67.68382884542766,69.73100115799075
0.68,0.052225462002837196,-0.2033616210936216,-0.19884844772750968,-0.24220701375486758,0.09679028785569328,673.1909265012422,19.82722267805393,0.04448020474844699,0.02849038091851734,0.04509817593720898,689.4984478087133,324.3981121511431,148.4222600993109,33.978260979471955,97.29635656613945,87.16550551508391,-0.11982921382085539,-0.11962768539104005,-0.061806453340053455,0.386186375979464,0.2182576121146108,0.17361459418441583,48.737327235370444,59.16906444802785,61.54762203139648,134.66101588274623,113.3547845592423,133.40701585290847,69.16020394272418,58.458520547331936,69.91535072500196,93.83316371134295,67.27816966241714,0.030673875246398735,0.03916829059402331,0.03961600237032737,0.19667582354115218,0.32640254733457,0.21974224742421225,75.04906089008222,68.62384314872344,70.2272480942899
0.6900000000000001,0.05485784579571908,-0.19941589472135166,-0.19496480503744618,-0.23903627393480645,0.11248713018111967,679.6065948873354,20.14291824323259,0.04502846975330927,0.028861726315396227,0.04546780065646312,708.4081487808558,337.05658890976207,150.48967200782178,34.44069350876446,98.3519679733232,88.03803585358934,-0.11667635445902769,-0.1134104947435377,-0.05950442531239282,0.39844793601800194,0.22027695683026507,0.1753261431921478,49.404281604457445,60.08626493364823,62.419959457537516,136.8779531745786,115.11707953689346,135.50094093676827,70.26841127766082,59.4901744745028,70.93541295183266,95.33129112917072,68.33422990930356,0.031641570373684945,0.04037894265098499,0.04091926025742962,0.2019003745627385,0.33372126655920575,0.22535280182002942,75.5128420008704,69.56900227681125,70.72501497726222
0.7000000000000001,0.057578838433820105,-0.19548681725060368,-0.19103116523986538,-0.23576175676558633,0.1284365550668524,686.2479322123845,20.47285855738755,0.04560993790462008,0.029274795024609987,0.0458434239645847,727.9859140787571,350.2617452459957,152.64589297154396,34.926156638374934,99.40570476693104,88.94804715787953,-0.11342373605425492,-0.10749394135591109,-0.057137217223499605,0.4106177836329137,0.2221777736496072,0.17695719952733438,50.09437142940329,61.06443470401533,63.31433033827538,139.25824490314474,116.95034392537238,137.76618637393688,71.42136513473783,60.49341554622166,72.06875140711374,96.89911062073956,69.40946328778779,0.032723547189682345,0.04170688930985162,0.04223631007798604,0.2071623139996557,0.34073087992414514,0.23122018536442815,75.98971711532592,70.50429339052417,71.2296259387866
0.71,0.06036067805231115,-0.1915159236100021,-0.18695252102710233,-0.23235965735742836,0.1457591596104743,693.2897602843639,20.827498192826692,0.0462309439987971,0.029732382029606097,0.046226119441842406,748.0837080421068,363.91769309525216,154.91086735461633,35.43170426990317,100.48181455788364,89.90395674562676,-0.11008676692429087,-0.1017476651373052,-0.054745452287382465,0.42276150374422755,0.22413654244651804,0.1785047631436755,50.84817448178623,62.120903925183235,64.20731623243509,141.84545250511158,118.88687680672281,140.05317476305922,72.69217483193162,61.55755383636932,73.2059133972238,98.52606772727721,70.47838700632097,0.03370931645888934,0.04300691386202386,0.04357756319147277,0.21268498247701953,0.34868087308371104,0.23735422837924516,76.47188146447657,71.389434759082,71.7473500854579
0.72,0.06327543916258399,-0.18742231657629646,-0.182893313451809,-0.22873100729886328,0.16403560933708902,700.5512101659269,21.194816131198913,0.04690743083911888,0.030232694657658602,0.04661365400757579,769.0471599917659,377.1576878075125,157.36580520485714,35.96823228800526,101.60697065946759,90.94003849820956,-0.10670358575013254,-0.09575919451803104,-0.052344939229279505,0.434867697055531,0.22608810543877558,0.18000307386127423,51.66100853116132,63.24324772274638,65.113929078356,144.69212736448097,120.93625293565866,142.24936052220954,74.11795062654146,62.682497154711086,74.31575468508996,100.21667062562925,71.58570232244656,0.03475071505116742,0.04445531386613453,0.045006763528010814,0.21808858870138007,0.3578526716454488,0.24380802806472476,76.96250485864743,72.25695801138754,72.27315303854327
0.73,0.06620485102061369,-0.18312306012337964,-0.1787432278830957,-0.22499361110238567,0.18340408555232665,708.2066207250151,21.589075663352418,0.047644815504320634,0.030767866375449093,0.04699854497028907,790.8367842422285,390.32592134079226,159.89964424006618,36.51993834506575,102.81240544095121,92.00941969989846,-0.10322526519542637,-0.08891146681605758,-0.049855737829412654,0.4468578174173052,0.22801431094575234,0.181413733327712,52.490673548617124,64.42958817689804,66.0135458563696,147.67914359090105,123.19318299330597,144.39301770556918,75.59039879053569,63.74205151275247,75.41081127612759,101.9987519207449,72.74476104681989,0.03592223598173724,0.045875272402358475,0.04651104945338394,0.2242973083222636,0.36624949000697266,0.25041872030147194,77.4693908019342,73.15945190844403,72.81052153328187
0.74,0.06927010681572503,-0.1787614243519524,-0.17446331298097784,-0.22099529055390943,0.20410254660747376,716.4129999763481,21.999362010105543,0.04845266235467671,0.03133438149035319,0.047388816970824345,813.7606753327392,403.9691526000525,162.6527876463457,37.10227951651953,104.04542168274605,93.1713560989034,-0.09972634218182592,-0.08035251158310926,-0.047254332419763394,0.45850870950674505,0.23008658779170998,0.18277568997998003,53.271674432069496,65.67296643622996,66.90249492229593,150.63153354038883,125.27561590107472,146.64653594320052,77.0659003943946,64.81651818140753,76.56824955306185,103.88444884577719,73.93888083845208,0.03710116865215786,0.04740430269500144,0.0480691708921362,0.23089709575332854,0.3764111678649977,0.25738716276100737,77.99113589895467,74.10742917363683,73.36704272096829
0.75,0.07237559112794296,-0.17425769943882807,-0.17003232352551106,-0.21672954702246444,0.22443023819429966,725.5447773687121,22.429299493117586,0.04933905840062929,0.031950571750279474,0.04778192458093065,837.3570489545106,418.8326146704911,165.63480357820768,37.70242719448097,105.33442899637525,94.42988583830609,-0.09616084251100471,-0.07199466634097561,-0.0445497814257369,0.4704009253434483,0.232096705366477,0.1840288382273364,54.09334574451463,66.95569524038741,67.80903333992318,153.80117344541162,127.43466472796901,148.90232608554044,78.7138837195083,65.93186331661653,77.76650137932981,105.88950283751306,75.18618022963862,0.03848942865937247,0.049020024114469665,0.0496641354220523,0.2374968422330316,0.3856557982404524,0.2640492019549627,78.53724275869143,75.1230843029331,73.954643271395
0.76,0.07560371322615132,-0.16968499612242552,-0.1653938485627815,-0.21220236090910383,0.24578154340515124,735.4742832767768,22.884237725022885,0.050298626524322654,0.032611576889912,0.04820577919326497,862.2454651569425,435.92980514086696,168.83528100700968,38.3346364349099,106.66802007673792,95.78061504850159,-0.09250054605777444,-0.06381234829098793,-0.0417887847747346,0.4829377202874102,0.23423542587673268,0.1853167248456328,54.891467049880106,68.33926655729185,68.70550644314886,157.30129336093938,129.80450566690317,151.25508779869304,80.51639484647824,67.12954179073554,79.02891321707534,108.00371619496698,76.46643036763125,0.039836316374720106,0.05073301147404539,0.05134765753989148,0.2443378111977403,0.3964871834141287,0.27112557511001734,79.08831764530488,76.22381013565989,74.5703062046118
0.77,0.0789644873631867,-0.1649254031469401,-0.16058555935046429,-0.20741566543366327,0.2693227158178415,746.495062834115,23.366364950463375,0.05133847633301912,0.03332186475009773,0.048654306412326834,888.1202023125127,455.40267005535117,172.23735380784245,39.001490033228606,108.08323318212065,97.21642555162913,-0.08866591345796933,-0.05545806723638663,-0.03902523593292209,0.4955358875798082,0.2363601275935352,0.18663828025516666,55.745100963788936,69.83824358565741,69.59150863394349,161.23302738974778,132.47816782454325,153.670539559417,82.55631003965567,68.32647967920009,80.35565259815745,110.25228590057009,77.81780460162835,0.041125911611350395,0.052430113398559706,0.05315899371219414,0.252318442621282,0.40795274286967237,0.27856613948186787,79.63754326979434,77.4263589535096,75.19603074763077
0.78,0.08248232871035538,-0.16002002173165195,-0.1556240341925104,-0.20225800674009634,0.29303582215126744,758.3530496100084,23.881793384545823,0.05250308397284966,0.034106453800254725,0.0490973242088333,914.9870486315315,475.3880327747997,175.99063179892227,39.711099112332235,109.58556893718344,98.80045866209949,-0.08485634358868191,-0.04672703748444676,-0.0360321190766246,0.5074408465329947,0.23849806923167796,0.18804141528472515,56.68963381014076,71.5186601093242,70.50711092826214,165.69011709511574,135.44424493528362,156.19826927200148,84.86804547522671,69.61245881280358,81.74114520262903,112.73766612652979,79.23573825770869,0.042633844659440964,0.0542203634743032,0.05501771872200642,0.26016135700219795,0.41957509342468313,0.2860430264868361,80.18652113941575,78.75152506928613,75.83016329969696
0.79,0.08614947961270528,-0.1549388158916553,-0.15045823630169505,-0.19687581431778794,0.3173254656834791,771.7468215153878,24.429294056996554,0.053783355421008636,0.034969870900519395,0.04957602707824628,943.0608246287727,498.84064529928185,179.97761822069853,40.4619665792036,111.17696222385251,100.48312605793295,-0.08094727493684506,-0.038395729141695624,-0.03295650221165345,0.5192043956859554,0.24071333397966585,0.18939322974099349,57.85299813260675,73.42123577151798,71.49755177306722,170.7498668697472,139.3305335783354,158.93632819361997,87.50415407418616,71.16132690846763,83.2646717809377,115.45176027195018,80.73624041065244,0.04418085908727105,0.056036890424596364,0.05697946764984522,0.2678025761517318,0.4337802195421079,0.2938086950538665,80.7467832302983,80.17723487538284,76.48606503022218
0.8,0.08992301006136534,-0.14959842615788846,-0.1449461494977202,-0.19129223023704536,0.3438051073972963,787.2406283978181,25.016823783539127,0.05519424877591859,0.03594666714550598,0.05010603299055774,972.9195934417801,524.3032762369153,184.20259661731563,41.25019920540124,112.89170505670627,102.26623556572035,-0.07669143622651248,-0.030396149718700884,-0.029798381203038966,0.530786808774774,0.24301246172044427,0.1908218595600356,59.1086245025648,75.58422666562242,72.6195223066939,176.7077788416275,143.60954933156737,161.9391805012204,90.64829114044059,73.19793608172374,84.97444691082478,118.43433662676925,82.3468811418368,0.04571112479072535,0.05797391447894464,0.05904397723693248,0.2755395463157865,0.45992041711813486,0.3023363591871777,81.30618389365046,81.56845251857156,77.16678347263363
0.81,0.09387108516707575,-0.14390063144742016,-0.13913436573063587,-0.18551698876179415,0.3721126906325073,805.8366730869564,25.654132353371487,0.05669590233249357,0.037029919102004885,0.05068821483288114,1004.2809202210881,553.190029619579,188.64095675616593,42.093032741448056,114.79953764380087,104.13940068507455,-0.07230569559105102,-0.02187766141157984,-0.02649157094413721,0.5417248769558477,0.2451729736821182,0.192372208959032,60.42556740692015,78.05813910182684,73.93032539447232,183.65447616726237,148.05553275240695,165.4788906696555,94.18146355894424,75.35042453223178,86.96610211737602,121.72352549467945,84.05088823088263,0.04749396389663935,0.06002916731601793,0.06124472239139448,0.28351897763804185,0.47761216802531475,0.31101967371178063,81.89560614142273,83.26566567758266,77.87766490708736
0.8200000000000001,0.09805598080904922,-0.13776349216880027,-0.13295328083301827,-0.179602808744797,0.40397648058362595,826.5314582660316,26.346114354666284,0.058330796590822236,0.03820090946713211,0.0512807028168528,1037.179952000701,586.9473263153848,193.26460955775522,43.00158612368127,116.97334659826458,106.09076670337724,-0.06771283774506215,-0.011965318090882044,-0.02299732922978913,0.5525363712586635,0.24731312490260005,0.19417372365031838,61.83149020127285,80.92817774591182,75.48320228332729,191.73710584620434,152.5735335238672,169.6104432614622,98.38404813190371,77.65569891151958,89.27976664946856,125.54334559106252,85.83580064517744,0.04927784268339806,0.06235711858401036,0.06344896419372302,0.29086571675764533,0.4908820700851393,0.32023142698927715,82.51065867640905,85.71745437821151,78.62439708443586
0.8300000000000001,0.10250309956403239,-0.13117036833920878,-0.12631996665261272,-0.1738892744592572,0.4379930493737096,848.8820195977762,27.104484299302406,0.06013451576593654,0.039477983496317176,0.05196727897080218,1072.207162085088,625.8208829421291,197.7439168101162,43.98892509042343,119.46233609157264,107.98121313888583,-0.06289121938423892,-0.0009712363132831648,-0.019373579191476146,0.5634791698871304,0.24937469280931143,0.1963257264826402,63.33658618141114,84.31777166718533,77.36634862557314,201.298519950146,157.3701108439803,174.38191200247167,103.2156931744647,79.99629383175059,91.9382611147262,130.1095319632549,87.72218691241154,0.05120021492464755,0.06480754842942325,0.0658915169470846,0.29953582487760727,0.5044842124787958,0.3293046580658743,83.13823416209479,87.98265631761596,79.40035268830849
0.84,0.10725264292361487,-0.12399854232283325,-0.11905643998106627,-0.16813103049808967,0.477056977882802,873.8564423441196,27.943132076632573,0.06208869960573627,0.04083120582169921,0.052736787509460564,1109.350281064365,667.8822596088812,202.30961409315984,45.06876744250039,122.42610325847379,109.90811961528168,-0.05777207749268219,0.012305883243244319,-0.015933120673855966,0.5747099860773156,0.2513623225839612,0.19916940703111277,65.06203196429485,88.26951937379702,79.69244079184573,212.42855056056607,162.5838680149659,180.20928856019322,108.94726885497703,82.38532894075104,95.08214315778783,135.4883037878336,89.77846180761057,0.053209973245658904,0.06744976395244467,0.06854419182787924,0.30803543832170227,0.5188055347460803,0.33913384888306924,83.79606722066185,90.19338489437375,80.21906737735735
0.85,0.11237726637049314,-0.11636912401235577,-0.1115835218296996,-0.1620204794803989,0.5209657989324826,902.2047278216414,28.874646904893748,0.0641716446637848,0.04230110599756651,0.053677471776807366,1148.9918816316804,714.8846000730214,207.27800108394803,46.25717806763036,125.67555132826729,112.00497722021878,-0.052160067303079,0.02923885761150753,-0.012530376558071992,0.5862945767485548,0.25343441345734696,0.2017036488405491,67.08345610427209,92.76878147575988,83.06405172474953,225.46144623354166,169.06099957781592,188.39162341784922,115.60017414317515,85.1066457020914,99.25213800870912,143.52802990268302,92.1087514469315,0.055516417615556105,0.07051221745613241,0.0713273375378796,0.31739489756449907,0.5332211085662258,0.34924938199112504,84.48035351136286,92.3782990134241,81.07393969619007
0.86,0.11799511638307461,-0.10800925731621464,-0.10310118861418073,-0.15563618041528174,0.5681002709777527,933.0004440708894,29.93755637084828,0.06641310796317035,0.043897965164694845,0.054805291173502434,1192.8750930554004,766.2732407033857,212.67491093521085,47.59873579220884,129.0646895182592,114.2826885751841,-0.04624230624454951,0.046658077660797596,-0.008896852456592419,0.5983046871908344,0.2555653808280526,0.20387016016072748,69.39880512845491,97.84239891506202,87.03894520351182,241.0362896170868,176.7542018494045,198.22554265114397,123.41148701100501,88.48579613299826,104.13080476010514,154.69197377776965,94.63450504236702,0.058157211773026955,0.07378588123713843,0.07443694105397937,0.32730983328915275,0.5474882283354567,0.3603229998290243,85.18531862901465,94.36201123876937,81.97125529168115
0.87,0.12414537193475644,-0.09870390095929837,-0.0938632245047271,-0.14876964768554105,0.6204410411444822,966.4032087434613,31.15722011072752,0.06887141238505952,0.04561776425241257,0.05618685482323171,1242.661182969594,823.3979988965018,218.52956614118597,49.119351907691005,132.81115085354799,116.75358673905397,-0.04003956338551599,0.06487210100436984,-0.004770922659469146,0.6110082498687432,0.2576078617111861,0.20603010663085725,72.1786387030022,103.85333870087503,91.96231938080507,259.7739716123237,186.01156137912145,215.81076913872636,132.93093053077763,92.59927575422073,114.50017995751544,174.08989777554882,97.39601783175101,0.06085697115024365,0.07702159031257592,0.07783703119255367,0.3371233907721185,0.5627414933264302,0.37226785288724423,85.92443424223602,96.58984827518037,82.93718739520297
0.88,0.13079445839977505,-0.0876720541356985,-0.08351667852797605,-0.14076226382833343,0.6789325698927706,1003.8857936457634,32.579782464879266,0.07171453802813726,0.04751190459326893,0.057675134744696606,1300.2599409564655,891.8622263690535,225.55020474844574,50.85336155444927,137.32066740285327,119.71657643418885,-0.03333528571090791,0.08265806330214656,0.0002159815819275999,0.6240204533296722,0.2597551725157578,0.20861537197308952,75.35326103461873,111.03821225541017,100.32263839572366,282.65890636300304,196.5657020354305,254.50770629241623,144.46073632370974,97.36119011066407,145.93611256975507,217.80553941069294,100.35974211772955,0.06374493048650615,0.08051085925341436,0.08143415276504956,0.34765019509846107,0.5786563033921679,0.3848792721788128,86.70384087116665,98.96407656672694,84.00202837765309
0.89,0.1381314780295522,-0.07553113427257013,-0.07140379335672098,-0.13122605780549662,0.7448338177106514,1046.1438324473725,34.31789901966541,0.0748312106436985,0.04969040742390607,0.05949621212558769,1365.6306571659543,969.988048561986,234.20665575873065,52.89651877052333,142.48839825562993,123.36994425081326,-0.026182668641612845,0.10164277458506152,0.006455196090281143,0.6377715044365344,0.2619740345029874,0.2116727040366884,78.97522817846041,119.6996469365921,109.75792867166258,310.74408966628,209.52844517516797,310.42268166600127,158.74356150566302,102.92551323960646,182.97323021130265,327.58952007356424,103.70930382715767,0.06714201543337751,0.0843979376991939,0.08530883649179602,0.36011172130965824,0.5938593181587689,0.39828220745900106,87.5310832501016,101.12950935133918,85.1741520954666
0.9,0.14632437118118397,-0.06418815495718122,-0.06001118492983672,-0.12050422678725366,0.8325367616320111,1097.4318693089772,36.52095884271093,0.07825583930486772,0.05244482040333015,0.06157633121497791,1440.4235682408025,1062.8356178259276,244.2325616831935,55.38091366421416,147.5535160126071,127.601276697958,-0.018907666483466222,0.12351092595770047,0.014361316541385989,0.6524257366043344,0.26415962294310974,0.21538661582203472,83.38290910794956,130.63019237464528,125.80519603209574,347.66164125720917,226.03132534918396,369.31243441517387,177.48671799236106,110.07475829709423,199.66173515943422,753.7663950123922,108.3211710453939,0.07046607758417149,0.08872415847433797,0.08969679612636978,0.3723572887255314,0.6108648358636375,0.41301313868145806,88.3989446174658,103.07457715421025,86.49876185492442
0.91,0.15569818605002952,-0.04495319896315749,-0.047336494282161384,-0.10847322419795588,0.9435204207233211,1160.9758802288106,39.4130344118654,0.08213969539262561,0.05570439090296896,0.06397691192241094,1527.4468750192548,1173.3069379199073,256.19904218623043,58.5047611463436,156.09716666453394,132.65160906813102,-0.01142691719971407,0.14760927295017504,0.023196574491609476,0.6677037537405304,0.26639144148440436,0.2197877555366015,89.07758310095117,144.51902004381466,139.03039494064325,396.14788502517825,247.43494491059357,415.61673420397045,201.6902539598347,119.37052265404728,217.87983379897784,3751.3054815752475,120.35604467626796,0.07407947358496475,0.09332434642858395,0.09481750096796844,0.38641310408966917,0.6268105167133149,0.4286648369807175,89.33597566623243,105.41537635655604,88.00586941543496
0.92,0.16668633542059702,-0.01741452959487916,-0.02781903630350743,-0.09515640778514939,1.0852801095784907,1239.2161022012206,43.40999143422226,0.08698167420651401,0.059385692009921116,0.06663850563052678,1630.3612652364548,1300.9061372857661,270.3580156347853,62.61505075041353,169.5344588517171,138.6272609665744,-0.003909845221884801,0.17474875239404225,0.032104579701686724,0.6837861698733835,0.2686524679676253,0.22799003061714,96.54167810187067,162.0990268087576,150.920513965673,460.2642521798321,276.66432220687346,461.9697802122478,233.38613460705147,131.66221920723325,243.37117138232293,45812.756861405076,302.18330712198315,0.07812532351690274,0.09853279792753436,0.10064149784658863,0.40147856658075826,0.6442205892583021,0.4460725289974094,90.39278809122169,107.86709465635067,89.70508318256853
0.93,0.1800812092550466,0.017042497166345014,-0.0011049385475731955,-0.08059533048983596,1.2555090018355752,1329.6592231571879,49.318597470563226,0.09271583369415434,0.06367948464467837,0.06955469779607167,1759.4035016244104,1462.6032078074218,287.1997822137107,68.3707510059655,189.79027661967544,145.7351586398175,0.004264077481090729,0.20506524233341836,0.04165978191431441,0.7003762527164344,0.27130850357062636,0.24217141212582327,106.43594751076365,183.20524976495003,168.1613804606272,541.1335364362876,319.8619974850909,536.2995778662972,273.3388919035281,148.41869616024474,286.3184937410406,3229493.6658787103,12227.587031195128,0.08329692668825894,0.10418316372216985,0.1072140571215366,0.4185646032299496,0.6624779541303714,0.46626211849120114,91.58839298070795,111.01362234277234,91.65246697343017
0.9400000000000001,0.19705869848995122,0.053932893907331116,0.0367937501979919,-0.0636684821092476,1.471143982749698,1441.9215781113246,59.52452560667447,0.09928165869197,0.0686309270712963,0.07325102785978713,1932.9921476496372,1683.0445187733185,308.5120634655082,77.5699802206167,216.49115681174624,154.72979192910162,0.013483109475161664,0.23831699903521378,0.05146939002743172,0.7221673313289616,0.2744553001054762,0.25533972020017115,120.69416785432635,210.16716919514425,214.15295615113814,647.0350227118154,387.4125879417221,791.9201826426863,325.49281515129866,174.03679570478636,451.3803517090803,1719333217.585029,2910731.946547372,0.08908152850361561,0.11091336691547565,0.1151325194088545,0.43819839087841506,0.6823872367077698,0.48971825247163886,92.90378823255887,114.23204193570274,94.02284818966497
0.9500000000000001,0.2194928251465216,0.0959357734983474,0.08767705174215351,-0.04199299911733976,1.765606559090307,1573.4849465507543,75.79087449443674,0.10772879855202885,0.0748979868292813,0.07858331167676293,2170.37962735318,1998.241245292539,337.92425710972907,91.6224667598769,251.09664689213324,167.1429115260883,0.02626557977567352,0.2794064452962108,0.06394082343969787,0.7498505175734292,0.2782389592263431,0.26989387059546527,142.24647015838718,243.3100662146477,343.1482380406035,782.8525919543472,481.64821154099695,1497.2594420227863,393.9360224668477,215.1625568784463,828.9665435630012,5727507484258507.0,354558431400.61615,0.0963220648486305,0.11872413665173132,0.12461259762296041,0.4601399692869738,0.7055855685256753,0.5148667470963871,94.48617241098836,117.00312886731483,96.9830841813581
0.96,0.25277170261538895,0.15319173175153508,0.15163025315209488,-0.014025891639799466,2.1979090546693545,1739.1397789321622,104.3555455656836,0.11938622661030734,0.08326784645727568,0.08743481984908448,2509.946890239394,2464.6116709333523,381.47464186715473,115.56419747448544,302.7739392926191,185.52291204655032,0.04164950175951395,0.33067507450302297,0.08159304066349589,0.7754115346510433,0.28304757818635373,0.29077243534709507,173.84077541125853,288.65838814191824,465.71396890989814,970.0222622721943,608.1767338177011,2083.543246436182,487.49542289801275,279.31877793202904,1077.1175113914107,9.071247456673766e+28,1.865509477754561e+28,0.10582605109316132,0.128678645884923,0.13624968971272805,0.4850849723860406,0.7305391083508905,0.5474774098769337,97.07407791526705,121.33918833465559,100.89309225860804
0.97,0.3043286595336008,0.23727561921313672,0.2419394429773027,0.025588291290443203,2.9121163096660614,1953.5112834095262,165.86390212988613,0.13591431791203162,0.09487116067985475,0.10362163467523192,3072.1264729970803,3235.681247840652,451.991787555541,164.83638651833365,395.97852177941047,215.28396195858468,0.06009249814380563,0.389686303726284,0.11739499105638103,0.8056482401068272,0.2890167713166376,0.32101939599670076,213.92965974040547,353.7093411454596,538.5992431852947,1243.4239410140287,763.599828518606,2427.494256712711,623.5217158169265,360.2767558788322,1249.7563863325595,6.131613294604176e+67,4.139414988576849e+67,0.12126265436215279,0.14153439557652375,0.15114835575822005,0.5140773003044907,0.7601631437467755,0.5839894674979543,102.87324762869737,129.92055864354916,107.29792983890319
0.98,0.394344334740058,0.3636019824692916,0.37320250781803527,0.08725084544435109,4.335906009269607,2283.401961067809,365.38241248852285,0.16196882651552247,0.11775317201741754,0.13001859060806556,4164.708930787484,4771.8508504599895,587.053305347949,315.89720333756065,587.0227628415743,272.28531294884385,0.11108361991231175,0.47321667172357734,0.19194771200369684,0.8509411414396438,0.29706954704368194,0.3706779897308196,270.17655785154057,460.15911456381616,712.1831491008426,1678.0153252884083,984.9749010615277,3304.9553990574295,837.8325979480497,474.2790001281406,1735.4473610240445,2.144363905817546e+282,2.017182993522766e+139,0.14047573617180906,0.15932502207819757,0.17144028992628146,0.5529421909294783,0.797818915427232,0.6357987044386637,106.95422853566387,150.704327271506,120.57046133178613
0.99,0.5332267473003437,0.6013823543625844,0.611942883578601,0.23407473757863348,8.7988032609068,3035.9586447889483,1461.9136379333113,0.20584287508486845,0.15607493868665684,0.1815922839684872,7237.2880752559495,9268.784108268517,1080.875498909704,1076.1626514768195,1259.2274310091998,480.69798772167,0.3861847722081502,0.5968538033983579,0.2929492526834113,0.9294776768916603,0.3117132245651888,0.45783961160814346,398.33629515837714,698.4484063474031,1313.1210468002091,2673.189844452111,1520.3724624061085,6683.639867983888,1312.8470015015191,725.660059219083,3589.9917400794648,2.635339570956326e+121,2.169545651595406e+294,0.1673995588108078,0.19197042527578465,0.20571038050192383,0.6051678654577763,0.8476835014987456,0.7075473434968279,121.84087731286874,185.3879279487118,154.62541154855006
1.0,0.9986364850411334,0.9992521109436638,0.9992280148791172,0.9754047544308317,1038.2739935620386,10240.578563203904,275687526.5147403,0.5911677487747324,0.44773428956547706,0.9434530339218374,1976500.8292164602,3386908.9890572987,1173461.35260637,170141876.83534098,623323.2480165396,495272.05056562426,0.9992604994334346,0.9960566850466595,0.9823755779542461,160.65157390249493,0.47050551782709366,0.9076884061660997,1874.6742388168907,4972.576883009198,5233.005254972738,26137.653732634302,8587.68415165406,30079.402833006756,12364.742678488581,4333.873106770427,15477.348098748129,0.003417864686952496,0.20125604693540283,0.28149883457156655,0.3300890022275723,0.44794696367558606,0.7660427513762578,0.9692364950605976,0.9269640021874517,249.6010241522617,248.28883987175792,363.3412607361121
